question	true_answer	type	points	tolerance
t1.1	9523	numeric	1	0.1
t1.2	303	numeric	1	0.1
t1.3	0.031817704504882915	numeric	2	0.01
t1.4	0.32237740207917676	numeric	2	0.01
t1.5	97.68035282999055	numeric	3	1
t1.6	1.1676084813945245e-84	numeric	3	2.2e-16
t1.7	0.2531428373555319	numeric	3	0.015889103541153693
t1.8	3.6	numeric	3	0.6
