question	true_answer	type	points	tolerance
t2.1	513	numeric	1	0.1
t2.2	270	numeric	1	0.1
t2.3	4.982320308226754	numeric	2	0.01
t2.4	9.44488073365444	numeric	2	0.01
t2.5	7.092136401413396e-15	numeric	3	7.092136401413396e-14
t2.6	1.5259895754873119e-6	numeric	3	1.525989575487312e-5
t2.7	0.1695906432748538	numeric	2	0.01
t2.8	0.3111111111111111	numeric	2	0.01
t2.9	0.4897119341563786	numeric	2	0.01
