question	true_answer	type	points	tolerance
t3.1	1.9287498479639178e-22	numeric	1	1.9287498479639178e-20
t3.2	0.3528660814588489	numeric	1	0.001
t3.3	0.04393693362340742	numeric	2	0.001
t3.4	5	numeric	3	0.1
t3.5	15360	numeric	1	0.1
t3.6	1.953125e-4	numeric	3	0.001953125
t3.7	4.27729021824641e-5	numeric	3	4.27729021824641e-4
